Pattern String,classification
Pillowcases & Shams,Not Dark
Write a review,Not Dark
"To start your return, simply click on the following button and add your return details. Once the form is filled, you will receive an email with shipping instructions for how to ship the item(s) to our warehouse.",Not Dark
 newsletter signup (privacy policy) ,Not Dark
"We cannot guarantee door to door delivery for every customer. Buyers in remote areas such as farms, islands, mining camps, small towns, or out-of-towners, etc may need to collect from their nearest freight depot.",Not Dark
International Shipping Policy,Not Dark
"Clothes, Shoes & Accessories",Not Dark
Primary Arms Scopes,Not Dark
MoTrail,Not Dark
LCD Ribbon Cables,Not Dark
READY FOR YOUR NEXT AUTHENTIC NHL JERSEY?,Not Dark
 read you will want to read -- Five Book Group Favourites * Sunday Post *,Not Dark
 Supply & Demand ,Not Dark
Bathroom Lighting,Not Dark
 Shop Optics > ,Not Dark
Girls Trousers,Not Dark
Specs,Not Dark
More Info,Not Dark
Daystate FAC Air Rifles,Not Dark
"Keyboard Navigation Profile (Motor-Impaired): this profile enables motor-impaired persons to operate the website using the keyboard Tab, Shift+Tab, and the Enter keys. Users can also use shortcuts such as â€œMâ€ (menus), â€œHâ€ (headings), â€œFâ€ (forms), â€œBâ€ (buttons), and â€œGâ€ (graphics) to jump to specific elements.",Not Dark
 #CERTIFIED_FACE_MASKS ,Not Dark
Shop the Look,Not Dark
Kicks Remotes,Not Dark
Whey Protein Isolate,Not Dark
 Cases for Magsafe Refine by Product Type: Cases for Magsafe ,Not Dark
Product Info,Not Dark
 Sign In With Google ,Not Dark
Shop All,Not Dark
 You can change your preference here Shop for Select an age ,Not Dark
 shop all ,Not Dark
Womens Platform Shoes,Not Dark
Screen print graphics,Not Dark
Thin and tough - protects from minor scratches,Not Dark
Kimberly R.,Not Dark
 Butterscotch Cakes ,Not Dark
Awntech New Yorker Window/Entry Slope Awnin ...,Not Dark
 Irwin ,Not Dark
__________,Not Dark
 Personalised Gifts ,Not Dark
A customer service specialist will contact you soon.,Not Dark
 Screws & Other Fixings ,Not Dark
Use the domain shortly after payment,Not Dark
Office Supplies & Decor,Not Dark
Arrow,Not Dark
Returns an Item,Not Dark
Hair type: Curly,Not Dark
Search for similiar products,Not Dark
FAMILY SHADE PACK | PICK YOUR PACK,Not Dark
Promaster City Remotes,Not Dark
 V&A Collection People Treeâ€™s collaboration with the Victoria and Albert Museum offers a stylish and contemporary capsule collection which celebrates the beauty and variety of pattern which the London museum is renowned for. ,Not Dark
Hair Tools,Not Dark
Email Address*,Not Dark
 Send Us Your Jersey ,Not Dark
 View All Home Office Furniture ,Not Dark
Search Result:Search Results: ,Not Dark
Tube Tops,Not Dark
Hair type: Wavy,Not Dark
Glow Gear,Not Dark
Deals of the Week,Not Dark
" ... It covers love and loss, friendship and pain through ",Not Dark
" Gift TypeFlowers, Cakes, Plants, etc. ",Not Dark
 CAMILLA World ,Not Dark
Sweep Train Simple A Line Tulle Wedding Dress with Appliques and Beading,Not Dark
Fun Treat Tossing,Not Dark
Your shopping bag is empty...,Not Dark
Trousers & Chinos,Not Dark
 Chargers ,Not Dark
 Eyelashes ,Not Dark
Pick the price that matches your budget. ,Not Dark
"Bringing the latest footwear, â€˜fits and accessories from the biggest brands, the JD app makes coppinâ€™ the hottest looks even easier!",Not Dark
Child Safety,Not Dark
 Cosmic Rainbow ,Not Dark
NRA Annual Meetings & Exhibits,Not Dark
ShoesBootsCasual ShoesFormal ShoesSandals & Flip-flopsShoe Care & AccessoriesSlippersSneakers & CanvasSports Shoes,Not Dark
 Moonstone Beads ,Not Dark
 Netherlands Antilles USD,Not Dark
Was this product description useful?YesNo,Not Dark
Returns Information,Not Dark
TiesToys & GamesTravelWatches,Not Dark
Books and Stationery,Not Dark
 Bioactive Custodians ,Not Dark
 Most-Hearted Styles Shop Now ,Not Dark
 Use a clean vase and clean water.,Not Dark
" well, this is awkward. ",Not Dark
@elsieandpresley_ got some fantastic color results with our Hair Color Wax. Well done ðŸ‘,Not Dark
 AllÂ Licensed ,Not Dark
Nursing chairs,Not Dark
Juniors' Shoes,Not Dark
Switchers,Not Dark
 Data Processor Privacy Policy: https://cookieinformation.com/cookie-and-privacy-policy ,Not Dark
Ribbons,Not Dark
"By clicking Sign Up, you agree to receive marketing text messages from Southern Tide at the number provided, including messages sent by autodialer. Consent is not a condition of any purchase. Message and data rates may apply. Message frequency varies. Reply HELP for help or STOP to cancel. View our Privacy Policy and Terms of Service.",Not Dark
 Amethyst Beads ,Not Dark
Down Jackets,Not Dark
Buy WearablesÂ»,Not Dark
 Watercolour Brushes Toggle category Watercolour Brushes ,Not Dark
LightInTheBox æŽ²è¼‰è¨˜äº‹,Not Dark
Clear filter,Not Dark
 Sweats ,Not Dark
Q:Â Will this damage my hair?,Not Dark
Brandon Blackwood,Not Dark
 End Tables,Not Dark
" Brilliant! Chose what I wanted, and came a week later. Very happy with my purchase ",Not Dark
"We use cookies to improve our services, make personal offers, and enhance your experience. If you do not accept optional cookies below, your experience may be affected. If you want to know more, please, read the Cookie Policy",Not Dark
"Great prices, professional customer services",Not Dark
Carnival Remotes,Not Dark
 VIP Points! ,Not Dark
Root Touch Up + Brow Filler,Not Dark
" Looks like your cart is empty, let's fix that! ",Not Dark
Lasers ,Not Dark
Choose your payment day. View your schedule and select pay now.,Not Dark
 E-Gift Cards ,Not Dark
 Personalised Chocolates ,Not Dark
Shop Dresses by Occasion,Not Dark
Wallets ,Not Dark
 Exclusive offers & discounts for club members via email ,Not Dark
Buy with humm.,Not Dark
" Household Cleaning Kitchen Bathroom Eco Laundry General Cleaning Kitchenware Cook & Bakeware Food Storage & Preservation Kitchen Textiles Appliances Kitchen Appliances Household Appliances Bed, Bath & Living ",Not Dark
Synthesis E-MTB Carbon Wheelset,Not Dark
Women's ApparelCollection ,Not Dark
 Women's Sandals ,Not Dark
 Plant-Based Beauty ,Not Dark
 Frame out of stock in this colour,Not Dark
Hair Care Sets,Not Dark
CareersAbout UsAffiliatesPrivacy SettingsAdvertise with usHelpSite map,Not Dark
Printed ,Not Dark
Patient Transfer Devices,Not Dark
 Summer Casual Printed Loosen Short Sleeve T-Shirt ,Not Dark
 Summer V Neck Solid Color Short Sleeve Waffle T-Shirt ,Not Dark
 Heart Shaped Cake ,Not Dark
You've made the starting lineup. Be on the look out for an exclusive offer for signing up.,Not Dark
Universal Fit Collapsible Smart Phone Stand,Not Dark
ç¾ä»£å¥´éš·æ³•ã«å¯¾ã™ã‚‹é€æ˜Žæ€§ã«é–¢ã™ã‚‹å£°æ˜Ž (opens in a new tab),Not Dark
Gift Wrapping Supplies,Not Dark
info@coolhockey.com,Not Dark
 Safe & Secure Checkout ,Not Dark
Wall Mounted Air Conditioners,Not Dark
Product Feature,Not Dark
Plant-based Protein,Not Dark
Parad Combo Deals ,Not Dark
Last Shape Guide,Not Dark
 Baby & Toddler Toys ,Not Dark
Clocks ,Not Dark
 Cat's Eye Beads ,Not Dark
Shop now. Pay later. Always interest-free,Not Dark
Stay with us in India,Not Dark
Wyse Thin Client,Not Dark
AdjustableBucketHeadbandsSale Items- View All -,Not Dark
 Every bicycle tells a story ,Not Dark
" This site uses cookies to provide and improve your shopping experience. If you want to benefit from this improved service, please opt-in. ",Not Dark
Intercoms & Doorbells,Not Dark
Boys Purple School Uniforms,Not Dark
Fashion Forms,Not Dark
Terrarium Light Canopies,Not Dark
Feedback,Not Dark
Receive news and updates on new products,Not Dark
 dFresh - Fresh Products ,Not Dark
Thanks! -RMO Team,Not Dark
Welcome To Hotter us,Not Dark
" To enable notifications, click 'Allow' when prompted. ",Not Dark
 PHX Mercury ,Not Dark
Easy Release Cleat Kit,Not Dark
Flowers Trivia:,Not Dark
I've recommended The Keeper of Lost Things to everyone.,Not Dark
Celebrity Synthetic Wigs,Not Dark
"Book picture is for illustrative purposes only, actual binding, cover or edition may vary.",Not Dark
 Glow Gear ,Not Dark
Converse,Not Dark
Stay Connected,Not Dark
sales@ecklers.net,Not Dark
Explore The NRA Universe Of Websites,Not Dark
New In Special Occasion,Not Dark
"â€º New Year, New Kit Sale",Not Dark
 Title of Review ,Not Dark
We uses cookies (and similar techniques) to provide you with better products and services. Your permission will be confirmed if you continue using this website.Read more,Not Dark
Cellular/Honeycomb Shades,Not Dark
Epilepsy Safe Profile: this profile enables people with epilepsy to safely use the website by eliminating the risk of seizures resulting from flashing or blinking animations and risky color combinations.,Not Dark
Loading interface...,Not Dark
 SAF Warriors ,Not Dark
 Lens Manual Washer ,Not Dark
Warm Tips,Not Dark
 Our Carbon Footprint ,Not Dark
 Women's Summer New Clerk Large Size Loose Cotton And Linen Blouse ,Not Dark
| Add to Compare,Not Dark
 World of Sweats ,Not Dark
Cargo Trousers,Not Dark
Hair Bundles With Closure,Not Dark
BreakThrough,Not Dark
ShopClose menu,Not Dark
Used Rifles,Not Dark
 Motocross Boots ,Not Dark
 Remove Product? ,Not Dark
 Nursery ,Not Dark
Footwear Accessories,Not Dark
and future features included!,Not Dark
Natural Backgrounds,Not Dark
Speed Lace Accessory Kit - Orange,Not Dark
"Package RecyclingWe do try when possible to reuse packaging from our own suppliers in order to send purchased items to our customers, we ask if the packaging is still in good condition after you've received your goods then please try to use it again or recycle if not possible.",Not Dark
on Freight,Not Dark
Canvas Wall Art,Not Dark
JFN V Neck Lace Cut-Out Basic T-Shirt/Tee,Not Dark
or,Not Dark
 Short Sleeve Dresses ,Not Dark
 Shop All Lehenga Choli ,Not Dark
Lack Of Color,Not Dark
 Eye Protection,Not Dark
 REPLACE-WITH-DYANMIC-HOST-ID,Not Dark
TVs,Not Dark
Temporary Tattoos,Not Dark
Log in / Create an account,Not Dark
" is full of sorrow and joy that weaves the life stories of its characters, exploring relationships, illness and loss * Manchester Weekly News *",Not Dark
Card Storage,Not Dark
Horizon Wide Neck Sweatshirt,Not Dark
All Womens Accessories,Not Dark
Strip Softbox,Not Dark
Your first payment will be due on the day of your purchase.*,Not Dark
 Glows In The Dark ,Not Dark
Towel Rails & Racks,Not Dark
"When you place healing crystals in a symmetrical fashion and activate it with a crystal wand, the pattern is charged to send messages to the universe. A healing crystal grid uses sophisticated symmetry for manifestation.",Not Dark
Quick Release,Not Dark
Blonde/Bleached Hair:Â All colors look great. Silver won't be prominent on bleached hair though.,Not Dark
Chatting,Not Dark
Specialist Tools,Not Dark
 Menu Search ,Not Dark
 Fashion Bags ,Not Dark
 This is a green tea without the bitterness. ,Not Dark
Spring Styles ,Not Dark
Rate & Review ,Not Dark
Cooper Remotes,Not Dark
 Mitre Saws ,Not Dark
Christian Dior,Not Dark
Share this product,Not Dark
 Space Heaters & Workshop Heaters ,Not Dark
Animals & Action Figures,Not Dark
 WANNA COLLAB? ,Not Dark
 PopTop Refine by Product Type: PopTop ,Not Dark
Earn FanCash on all purchases!,Not Dark
Bob's Outreach ,Not Dark
Cleaning Brushes & Tools,Not Dark
Sunwayfoto,Not Dark
Free Embroidery Patterns,Not Dark
Mixing & Measuring,Not Dark
"To qualify, simply verify your status during checkout on the payment step. We verify through ID.me, our trusted technology partner for secure digital identity verification. ",Not Dark
 Best-Selling Products ,Not Dark
 Subscribe! Donâ€™t be caught empty handed ,Not Dark
 Add to Cart ,Not Dark
The requested page could not be found,Not Dark
 View In Your Room ,Not Dark
 EVO SP All EVO SP parts and accessories ,Not Dark
 Circa Punches ,Not Dark
 Riding Culture Neue Lifestyle-Marke bei motoin ,Not Dark
Ericdress Long Sleeve Mesh Off Shoulder Summer Dress,Not Dark
Green Tea is made up of properties that have been known to increase caloric expenditure as well as the metabolism of fat,Not Dark
COLLEGIATE,Not Dark
Sparkling Elegance,Not Dark
"To add to Wishlist, please register or sign in.",Not Dark
 New In Lunch Boxes ,Not Dark
 Cayman Islands USD,Not Dark
 View All Shoes ,Not Dark
Rachel Comey,Not Dark
Delivery & Offers Terms,Not Dark
 New Arrivals,Not Dark
 Buy Tablets ,Not Dark
Present your Fave voucher (it's in the Purchases tab under My Fave) at the outlet.,Not Dark
Point & Shoots,Not Dark
Already have an account?,Not Dark
" Mystic Topaz: Rings, Earrings, Necklaces and Bracelets ",Not Dark
Joybird Design House,Not Dark
What is a cookie?,Not Dark
View All Tops,Not Dark
Panther Anole,Not Dark
AccessoriesCar AccessoriesDressesFootwearHome & OfficeJacketsLawn & OutdoorsPantsPolosShirts & SweatersShortsSleepwear & UnderwearSwim CollectionTailgatingSale Items- View All -,Not Dark
Pay weekly ,Not Dark
I have green eyes and with these bright green contacts makes my eyes look out of this world amazing. I love them and they have lasted months!!,Not Dark
BABY BOYSShoesClothingAccessories,Not Dark
NEED ADDITIONAL HELP?,Not Dark
"These cookies are necessary for the website to function and cannot be switched off in our system. These cookies are usually only set in response to actions made by you which include a request for services, such as setting your privacy preferences or logging into your account.",Not Dark
High-Waisted Shorts,Not Dark
 Sign In / Join ,Not Dark
"Click here to use our website with more accessibility support, for example screen readers",Not Dark
 Mixed Media ,Not Dark
New In ,Not Dark
Remove selected car filter,Not Dark
Shipping and Duties,Not Dark
Order by these dates to get it by Valentine's Day.*,Not Dark
NFL Enterprises LLC. All Rights Reserved.,Not Dark
 Women's Bags ,Not Dark
"We're sorry, this store is closed.",Not Dark
 Search Close ,Not Dark
"touching, funny and romantic",Not Dark
" Sorry, we could not process your request at the moment. Please try again in a few minutes. ",Not Dark
 Jersey GBP,Not Dark
My Account ,Not Dark
Hair Grooming Appliances,Not Dark
Pedal Refresh Kit - Doubleshot,Not Dark
Shop Plus Shorts by Pattern,Not Dark
 Dry Direct Incontinence Personal Care Daily Living Safety Bedroom Nutrition Mobility Lift Aids Medical Supplies Plus Size ,Not Dark
Clarity Remotes,Not Dark
Summary,Not Dark
 Limited Edition Colors ,Not Dark
"For instance, we use cookies allowing us to remember information provided by the users from a page to another, choices made by users and information provided by users (name, language preference, country of residenceâ€¦). In particular, we use the following functional cookies: ",Not Dark
Jewelry and Watches,Not Dark
*,Not Dark
This chart should be used as a guide only. Due to each manufacturerâ€™s size scale inconsistencies may occur.,Not Dark
Competitions,Not Dark
 Shop All Men's Boots ,Not Dark
Expand My eBay,Not Dark
"Jumpers, Shirts & T-Shirts",Not Dark
Media Players,Not Dark
Father's Day Gifts,Not Dark
Extra Soft Cleansing Wipes,Not Dark
Men's Accessories ,Not Dark
Enter Catalog/Email Code,Not Dark
Yaris Remotes,Not Dark
Stay on Next.co.uk,Not Dark
___,Not Dark
View All Home Accessories,Not Dark
"Healing Crystals are natural beings just like the trees, mountain or flowers. The result of diverse chemical reactions inside the earth over a millennium, gemstones are a true wonder of nature. When you touch a healing crystal, there is a transfer of heat and energy that leads to activation of chakra points. These therapeutic powers noticed in the presence of gemstones are the reason they are called healing crystals. With some crystals as old as the earth, there is immense wisdom in crystal use.",Not Dark
How to cast on,Not Dark
Tree Frog Terrariums,Not Dark
KidsAuthentic,Not Dark
Country (Optional),Not Dark
Hair treatments,Not Dark
Product Recycling,Not Dark
 Sunflower ,Not Dark
Gold Collection,Not Dark
Amazing service and quality! Lee up the excellent work.,Not Dark
"Business, Office & Industrial",Not Dark
My Story,Not Dark
 Coffee ,Not Dark
 Take time to pay.,Not Dark
Authenticity Guaranteed,Not Dark
 GeekVape Pursue a Healthy Vaping Experience ,Not Dark
Nectar,Not Dark
 My Project Lists ,Not Dark
Adjustable Cuffs With Inner Knitted Cuff,Not Dark
Tribeca Remotes,Not Dark
Brand ,Not Dark
"The Dry Direct Ultimate is a great product, the best we have found. Customer service is very efficient, and deliveries have always been on time. We are very satisfied with Parentgiving in all aspects.",Not Dark
Really good quality contacts and they work well on my eyes. Would definitely order again!!!!,Not Dark
Warne Mounts,Not Dark
Report a Fake Product,Not Dark
 Shop All NFL ,Not Dark
Tapestry Guide,Not Dark
I absolutely loved it! It made everyone laugh and my desk gets an obscene amount of compliments for it. The quality is superb! I am now definitely going to be a loyal shopper at PosterGully,Not Dark
Decades Shop,Not Dark
gifts for wife,Not Dark
Color Block,Not Dark
You have no items in your basket.,Not Dark
Soft Flexible (Classic) ,Not Dark
Glasses and Goggles,Not Dark
 Zero Gravity Lift Chairs ,Not Dark
All Cross Stitch Patterns,Not Dark
 Year of Ours ,Not Dark
Gear Up,Not Dark
"Weight Management Shakes help cut cals, control appetite, and drop LBS.* Learn more about Weight Management Shakes.",Not Dark
Tretorn,Not Dark
 Loyalty Points ,Not Dark
 How to Recycle ,Not Dark
 Color Yellow Smoke Blue Pink Orange,Not Dark
Art & Crafting Tools,Not Dark
 Highlight Hover ,Not Dark
 Disposable Washcloths ,Not Dark
Accuscreens,Not Dark
 Jumpers + Sweaters ,Not Dark
 Contact Lens Washer ,Not Dark
Every Purchase Helps Your NRA:,Not Dark
 BACK TO TOP ,Not Dark
 Outdoor Recreation ,Not Dark
Allow All,Not Dark
We are currently accepting and processing orders from following:,Not Dark
What could have caused this?,Not Dark
 SHIPPING INFO ,Not Dark
"Plus, get free shipping on your first order!",Not Dark
BMW Remotes,Not Dark
All Youâ„¢,Not Dark
 Summer Casual Printed Short Sleeve T-Shirt ,Not Dark
Â Join NRA or Renew,Not Dark
Know exactly whatâ€™s going on at home and be alerted of emergencies in real time. ,Not Dark
Become an Affiliate,Not Dark
Sports ,Not Dark
Immunity & Well BeingLean Muscle MassWeight LossBulk GainStress & Relaxation,Not Dark
By Brand All Men's Brands ,Not Dark
Customer Feedback,Not Dark
 Read the FAQ ,Not Dark
"The presence of flowers is enough to make any occasion or moment truly a memorable affair. Flowers can make an ordinary room extremely beautiful. Flowers are widely used in decorations, as gifts, or even as ornaments on various dresses. People can explore a variety of fresh vibrant flowers such as roses, tulips, orchids, carnations, sunflowers, chrysanthemums and a lot more through the help of our online gifting store. All these beautiful flowers will be delivered at your desired destination in blooming condition only. With an unmatched beauty and fragrance, these gorgeous and lovely flowers can easily mesmerise any individual in an effortless manner.",Not Dark
Medium GreyLogan T-Shirt Jersey Comforter and Sham Set,Not Dark
 All Birthday Gifts ,Not Dark
Rainbow Li,Not Dark
â€¢ Recommended to be used with Downy for better long lasting freshness ,Not Dark
cookie host,Not Dark
Pay With:,Not Dark
 Data Processor Privacy Policy: https://videoly.co/privacy-policy ,Not Dark
 School Shoes,Not Dark
 V-neck Casual Loose Embroidered Short Sleeve Blouse ,Not Dark
Material: Made with Cordura fabric,Not Dark
Recent searches,Not Dark
"Gorgeous, lasting high-quality hair colorâ€”crafted in Italy.",Not Dark
 Apple iPhone X Â» ,Not Dark
Certified Face Masks,Not Dark
 Price Low To High ,Not Dark
Home + Tech Almost Gone,Not Dark
Toe Ring,Not Dark
Women's Acid Wash Scoopneck Sweater,Not Dark
Boys Grey School Uniforms,Not Dark
My Reviews,Not Dark
Skin Concerns,Not Dark
Romper Swimwear,Not Dark
 View All Mattress Accessories ,Not Dark
The page you were looking for doesn't exist.,Not Dark
A very fun outfit for a less formal event like a sangeet! Husband said the bell bottom type pants were fun to dance in :),Not Dark
 Chair Accessories ,Not Dark
Stay in the Know,Not Dark
 V-neck Casual Loose Vintage Print Short Sleeve T-shirt ,Not Dark
Thank you for posting a question!,Not Dark
Installation InstructionsPolicies & Terms of UseFinancingSite Map,Not Dark
Golf Shop,Not Dark
 Plastic ,Not Dark
Synthesis XCT Alloy Front Wheel,Not Dark
Shop Tops by Pattern,Not Dark
Striped Tops,Not Dark
My AccountSign-in to your account,Not Dark
 Get The Look The Full Story Shop Now Read More ,Not Dark
Donâ€™t worry. Weâ€™ve got your back.,Not Dark
 C.P. Company ,Not Dark
Nicholas Kirkwood,Not Dark
Aids mental processingâ€ ,Not Dark
 Crossbody & Belt Bags ,Not Dark
clear text ,Not Dark
 Worldwide ,Not Dark
AboutOur StoryOur MissionOur ProductsIn the News,Not Dark
Concrete Tools,Not Dark
Transmission and Driveline,Not Dark
"Metal - Brass , hollow from insideÂ ",Not Dark
 to read up about,Not Dark
â€¢ State-by-State Restrictions,Not Dark
 PG Picks: Skin Care for Incontinence ,Not Dark
Reloading Tools,Not Dark
Returns / Warranty,Not Dark
Loading,Not Dark
Institute for Legislative Action,Not Dark
"from Korea, South",Not Dark
 Alchemy Books ,Not Dark
"When you visit any website, it may store or retrieve information on your browser, mostly in the form of cookies. This information might be about you, your preferences or your device and is mostly used to make the site work as you expect it to. The information does not usually directly identify you, but it can give you a more personalized web experience. Because we respect your right to privacy, you can choose not to allow some types of cookies. Click on the different category headings to find out more and change our default settings. However, blocking some types of cookies may impact your experience of the site and the services we are able to offer. ",Not Dark
 Black / White Refine by Color: Black / White ,Not Dark
Call It Spring,Not Dark
Bathroom Basins,Not Dark
Infrared Night Vision,Not Dark
Download mobile app,Not Dark
 Write a reviewAsk a question,Not Dark
RegionBracket Right,Not Dark
Boxster Remotes,Not Dark
Rare Book Conditions ,Not Dark
We don't give out your details to third parties.,Not Dark
Short Sleeve T-Shirts ,Not Dark
 Tires,Not Dark
Bearded Dragon Substrates,Not Dark
Toddler Girl Jumpsuits and Rompers,Not Dark
Enable cookies to use the shopping cart,Not Dark
Women's Go-Tos,Not Dark
"This genuine Spanish espadrille impressed our buyers so much they ordered them in a variety of gorgeous colours. With its uncomplicated design, plush leather sole and a practical platform wedge, you'll have a hard time getting through the warmer months without them. They're perfect for the beach, casual weekend barbeques or brunch with the girls.",Not Dark
Shopping with JD,Not Dark
 All Brands A-Z ,Not Dark
 Light Blue Regular Fit Single Cuff Easy Care Shirt ,Not Dark
Crop Tops,Not Dark
Photography Projector,Not Dark
 Salt Bender Tank and Shorts Combo ,Not Dark
Diamond Nose Studs ,Not Dark
 Military Discount ,Not Dark
"Customize your phone with hundreds of grips, cases, wallets, and more.",Not Dark
 Add to Wish List Add to Compare ,Not Dark
 Italy â‚¬ EUR ,Not Dark
Politics And Legislation,Not Dark
 Gift Cards Collection ,Not Dark
We guarantee to match a lower online price.,Not Dark
Select your size below and we'll email you if it comes back in stock!,Not Dark
About Cheryl's Business Gifts,Not Dark
You can either livechat or email our support team with any questions or concerns. We are always ready to help. ,Not Dark
Synthesis E-MTB Alloy Rear Wheel,Not Dark
Great for shine,Not Dark
 Learn More ,Not Dark
" Paper, Pads & Blocks Toggle category Paper, Pads & Blocks ",Not Dark
. ,Not Dark
Christmas Craft Ideas,Not Dark
PomeloFashion born in AsiaOn trend. Online. On the go.,Not Dark
Cowgirls,Not Dark
 Rs INR ,Not Dark
- +,Not Dark
If I emailed you how much I love each jersey youâ€™d have an essay coming your way!,Not Dark
 Shirts & Blouses ,Not Dark
JFN Ladies Flat Embroidered Slip-On Dirty Shoes Vintage Thong Sandals,Not Dark
 New in ,Not Dark
About Bob's,Not Dark
 Rudraksha Recommendations ,Not Dark
 Added to Favorites ,Not Dark
Brown Dresses,Not Dark
"They look really good with my brown eyes, and they look pretty natural.",Not Dark
 Data Processor Privacy Policy: https://www.appnexus.com/corporate-privacy-policy ,Not Dark
Plus Size Graphic Tops,Not Dark
Protection Filters,Not Dark
Interactive Tent Finder,Not Dark
âœ•,Not Dark
take me back to shopping,Not Dark
Solar Powered Paw Print Ground Light,Not Dark
Candy Melts,Not Dark
Romantic Ball Gown Tulle Spaghetti Sleeveless Tier Flower Dirl Dress,Not Dark
Crystal Shivlingas ,Not Dark
Facebook icon,Not Dark
 Midleton Very Rare ,Not Dark
Pillow & Foam Bed Wedges,Not Dark
"Happiness is to hold flowers in both hands. Furthermore, flowers make for an integral part of all occasions and celebrations........ Read More...",Not Dark
 Contact Support ,Not Dark
Use the left and right arrow keys to navigate the Menu. Use the enter key to activate the submenu on a navigation item. Use escape key to close the submenu. ,Not Dark
 Love the way you pay ,Not Dark
Homeware Trends,Not Dark
Victoria Victoria Beckham,Not Dark
 Rain Boots ,Not Dark
Exterior Accessories,Not Dark
Strength & Functional Training,Not Dark
Motion Control System,Not Dark
View All Home Accents,Not Dark
SUBSCRIPTION SUCCESSFUL. THANK YOU!,Not Dark
 Lawn Mowers ,Not Dark
Sale Clothing,Not Dark
 Fashion Floral Short Sleeve Dress ,Not Dark
Boys Red School Uniforms,Not Dark
 info@chainedandable.com ,Not Dark
SAA Standard Membership - Credit/Debit Card - Automatic Annual Fee,Not Dark
 Laundry & Cleaning ,Not Dark
 Entertainment Centers & TV Stands ,Not Dark
STAY IN THE LOOP!,Not Dark
Blue Raspberry,Not Dark
JFN Crew Neck Floral Vacation T-Shirt/Tee,Not Dark
 Indoor Festive Lights ,Not Dark
"EastwoodModern, sleek and enchanting, the Eastwood Collection provides comfortable seating while still looking mid-century magnificent.",Not Dark
 Synthesis Alloy Collection ,Not Dark
Occasion: Anniversary,Not Dark
Musical Toys,Not Dark
"Skin Concerns: Treats mild to moderate acne (including whiteheads, blackheads, pimples, and hormonal acne) and excess oiliness.",Not Dark
Events and Entertainment,Not Dark
About UsNews & Articles,Not Dark
 Low Maintenance Plants ,Not Dark
 Men's Apparel Collection ,Not Dark
 View All Parts ,Not Dark
"We are one of the best online printing technology & solution company successfully serving local and international customers to cherish the joy, love and precious moments in life with various products. Being an instrument to spread your joy and love in a beautiful way we take pride in providing the best quality services. ",Not Dark
Shop all interactive whiteboards,Not Dark
Sign up to stay up to date on all White Cloud news and savings!,Not Dark
These pieces are not yet in stock but will be shipped as soon as they are available. The estimated ship date will be noted on the product page.,Not Dark
"Our website implements the ARIA attributes (Accessible Rich Internet Applications) technique, alongside various behavioral changes, to ensure blind users visiting with screen-readers can read, comprehend, and enjoy the websiteâ€™s functions. As soon as a user with a screen-reader enters your site, they immediately receive a prompt to enter the Screen-Reader Profile so they can browse and operate your site effectively. Hereâ€™s how our website covers some of the most important screen-reader requirements:",Not Dark
 Yearly ,Not Dark
" to resolve the issue, or ",Not Dark
Shop by Activity,Not Dark
 Home Â» ,Not Dark
Lace Front African American Wigs,Not Dark
SRX Remotes,Not Dark
 PAVILION LONG SLEEVE SHIRT DRESS Cornflower Stripe ,Not Dark
All Brands A-Z ,Not Dark
Icon MTB Socks - Black/Green,Not Dark
Focus remotes,Not Dark
Signup for email updates from Car and Truck Remotes!,Not Dark
"Easy, awesome! ready to go. Held a charge first night",Not Dark
Newborn & InfantYouthAdjustableFlexSnapbacksSale Items- View All -,Not Dark
Flat Top,Not Dark
CPUs & Processors,Not Dark
Brand Directory ,Not Dark
 ï˜’ ,Not Dark
 Candy & Snacks ,Not Dark
 Active Filters English English âœ˜ Remove Filter ,Not Dark
 MIN Twins ,Not Dark
Wedding Cross Stich & Embroidery Patterns,Not Dark
Choose Type of Cookies You Accept Using,Not Dark
 â˜… â˜… â˜… â˜… â˜… ,Not Dark
 Mixed Wine Cases ,Not Dark
WhiteBoho Rose Comforter and Sham Set,Not Dark
 â‚ª ILS ,Not Dark
 Cooling & Air Treatment ,Not Dark
"Motherâ€™s Day is undoubtedly a significant occasion for all mothers. But, for the new moms, it is even more special. If you........... Read More...",Not Dark
Mary Janes,Not Dark
Select Your Year,Not Dark
What treats can I use?,Not Dark
We curate the very best in creative and innovative fashion for the EDM Lifestyle. ,Not Dark
 Terms of Service ,Not Dark
Upright Plants,Not Dark
 Brass Shankh ,Not Dark
Boys Shorts,Not Dark
Anaheim DucksArizona CoyotesCalgary FlamesChicago BlackhawksColorado AvalancheDallas StarsEdmonton OilersLos Angeles KingsMinnesota Wild,Not Dark
Blankets Throws,Not Dark
Shop Disposables,Not Dark
 Free Delivery to HomeÂ & Next day delivery available to store* ,Not Dark
Surgical & Face Masks,Not Dark
Shop Men's Styles,Not Dark
"If you are one of those constantly devoted to healthy eating, weight loss plans,..",Not Dark
 Choosing the Best Plus Size Briefs ,Not Dark
 Cable Winders ,Not Dark
TSX Remotes,Not Dark
Baby Bathtubs,Not Dark
Crossman Air Pistols,Not Dark
Harry Potter ,Not Dark
FilterSortFeaturedPrice: Low to HighPrice: High to LowAlphabetical: A-ZAlphabetical: Z-A,Not Dark
Jewelry Care Kit,Not Dark
Give a Gift,Not Dark
 First name * ,Not Dark
Speak with our customer-care executive who will help you with your buying.,Not Dark
Mechanic's Wear,Not Dark
Please note: we do not ship to PO Boxes,Not Dark
"Products are automatically delivered on your schedule. No obligation, modify or cancel your subscription anytime. ",Not Dark
Free Shipping*,Not Dark
"Crystals are alive. Born inside Mother Earth, crystal energy can be felt just like heat or cold. For chakra training to astrological remedies, discover healing crystals.",Not Dark
A-Z Luxury Brands,Not Dark
Shotgun Bore Mops,Not Dark
Moroccan Rugs,Not Dark
 Sprouting ,Not Dark
Help us #savethefishies.,Not Dark
JFN Scallop V Neck Solid Casual T-Shirt/Tee,Not Dark
Crochet Baby Patterns,Not Dark
Felizer Designer Diamond studded Round Dial Metal starp watch for Women & Girls - Silver (Heart design) Analog,Not Dark
 Home / Black Tapered Belted Cigarette Trousers - Myasia ,Not Dark
"Once a celebrated author of short stories now in his twilight years, ",Not Dark
Recent Searches,Not Dark
 Brand case & cloth included ,Not Dark
Hair Color + Highlights,Not Dark
"We combined powerful, yet gentle acne-fighting ingredients with our own unique plant-based complexes to help reduce irritation and redness associated with acne and breakouts. The result? Skin thatâ€™s nourished, smooth, and most importantly, clear!",Not Dark
 Food ,Not Dark
MORE WAYS TO SHOP,Not Dark
Your shopping cart is empty.,Not Dark
Coin Necklace ,Not Dark
Mallet E Speed Lace - Black/Silver,Not Dark
Sign up to our mailing list here and be the first to know about exclusive offers and events,Not Dark
Laundry Care,Not Dark
This campaign was taken down for content reasons,Not Dark
AdjustableSnapbacksSale Items- View All -,Not Dark
 Bob Ross Oil Brushes ,Not Dark
Terra - Medium Brown,Not Dark
Work With More Buyers And Sellers?,Not Dark
 Lighting,Not Dark
 Round Neck Casual Loose Patchwork Printed Short Sleeve Blouse ,Not Dark
Computer Accessories,Not Dark
AromatherapyÂ ,Not Dark
A Ritual of Light,Not Dark
Black Jeans,Not Dark
Build your own powerful multi-vendor marketplace website,Not Dark
CUSTOMER SERVICE,Not Dark
NRA Firearms For Freedom,Not Dark
 Printed Long Sleeves Casual Blouse For Women ,Not Dark
Straight Hair Extensions,Not Dark
Radio and GPS Pouches,Not Dark
Anniversary Gifts by Year,Not Dark
All Scrapbooking Supplies,Not Dark
 New In,Not Dark
HOW TO MANAGE SIDE EFFECTS,Not Dark
Website Accessibility,Not Dark
 Item added to cart. View cart and check out. Close ,Not Dark
Heat Mats & Strips,Not Dark
 Share on Pinterest ,Not Dark
Hype. Home,Not Dark
"Roommates agreement... need i say more? this is a great poster for the walls of any house that has more than one person living in it. if you're alone, get it all the same - it'll make you laugh at any given time :)",Not Dark
This is how you can reject or delete your cookies,Not Dark
Ericdress Round Neck Three-Quarter Sleeve Mid-Calf Pullover Fall Women's Dress,Not Dark
 Email Address ,Not Dark
Toddler Boy Underwear and Undershirts,Not Dark
Collegiate Shooting Programs,Not Dark
 Supporting All Artists Create because you can ,Not Dark
HomeFlowersColourful Mixed Roses Bouquet,Not Dark
Send as giftexpand_more,Not Dark
Delivery & Returns,Not Dark
Livefood Subscription,Not Dark
Grocery & Liquor,Not Dark
 For Wife ,Not Dark
Great for keeping track of your pup while at work,Not Dark
 Subscribe ,Not Dark
Powered by,Not Dark
JerseysPantsSleepwear & UnderwearSwim CollectionT-ShirtsSale Items- View All -,Not Dark
 I love this phone case! ðŸ˜ #phonecase #hiraeth #appleiphone #apple #rosegold #loveit ,Not Dark
Looking for your order history?,Not Dark
Readers looking for some old-fashioned storytelling with a sprinkling of magic will find it here. ,Not Dark
Traditional Snacks,Not Dark
 Travel Accessories ,Not Dark
eWriters & Graphics Tablets,Not Dark
 EU Delivery & Returns ,Not Dark
 United States ,Not Dark
 Mobile Terms of Use ,Not Dark
 ALL SALE ,Not Dark
MyStore,Not Dark
 Please click ,Not Dark
 Box Springs & Foundations,Not Dark
Countdown,Not Dark
Men's Pullover Sweaters,Not Dark
 Tony Bianco ,Not Dark
 LOGO BLACK ,Not Dark
Everything was perfect. The delivery was very smooth and the products were in great condition as well.,Not Dark
 Face Masks,Not Dark
About Ruth Hogan,Not Dark
Diamond Nose Studs,Not Dark
Perhaps you could...,Not Dark
 Casual V-Neck Sleeveless T-Shirt ,Not Dark
 Businesses in the EU buying from a business in the same country are also charged VAT.,Not Dark
 Shop ,Not Dark
 Rechargeable ,Not Dark
 Redeem Gift Certificates ,Not Dark
Muc-Off,Not Dark
Frequently Asked Questions,Not Dark
We value your input. Share your review so everyone else can enjoy it too.,Not Dark
 à¥ Welcome to Devshoppe Sign In or Create an Account ,Not Dark
Code of Conduct,Not Dark
Macro Focussing Rails,Not Dark
Tactical Rifles,Not Dark
Bottoms Deals,Not Dark
 Champagne Taittinger ,Not Dark
"Howdy stranger, looks like your trail has hit a dead end.",Not Dark
 Maker Faire News ,Not Dark
 All Shoes ,Not Dark
 What's New New arrivals daily ,Not Dark
Party & Birthday Novelties,Not Dark
 Temple Locks ,Not Dark
 Data Processor: Amobee ,Not Dark
new merch coming soon,Not Dark
Prices subject to change without notice. Products shown may not be available in our stores.,Not Dark
Add your favourites to cart,Not Dark
 Payment Methods ,Not Dark
 Also notify me about New Arrivals! ,Not Dark
POSTED BY @missladywoolf#motoin,Not Dark
 All Personalised Gifts ,Not Dark
"By clicking â€œAccept All Cookiesâ€, you agree to the storing of cookies on your device to enhance site navigation, analyze site usage, and assist in our marketing efforts. ",Not Dark
Sorry! This product is no longer available,Not Dark
Brand: Ray-BanÂ® | Similar products from Ray-BanÂ®,Not Dark
 Colored Contact Lenses ,Not Dark
Download Now,Not Dark
Beach Towels & Mats,Not Dark
Light Works,Not Dark
"Both of these jerseys are awesome, I couldnâ€™t have asked for better quality.",Not Dark
Security Cameras,Not Dark
Cross Body,Not Dark
" -- Preeti Shenoy, author of THE RULE BREAKERS",Not Dark
Royal Python Vivariums,Not Dark
Stone Island Junior,Not Dark
 Sustainably made,Not Dark
Bob's For Business,Not Dark
Boys Green School Uniforms,Not Dark
 Show Password ,Not Dark
Pay Securely with Trespass,Not Dark
 adidas Originals Stan Smith ,Not Dark
 Functional Marketing Cookies,Not Dark
Sale Coats and Jackets,Not Dark
Shop By Brands,Not Dark
ROAD CLOTHING,Not Dark
 Menstrual Products ,Not Dark
Shoes & Clothing,Not Dark
Imported,Not Dark
Herbaceous oil rich in anti-aging polyphenols.,Not Dark
Drawstring Backpacks,Not Dark
 Latest looks from Myleene Klass Shop now ,Not Dark
 Affiliate ,Not Dark
Auto Delivery Program,Not Dark
Pro Boost Treatments,Not Dark
Baby Nursing & Feeding,Not Dark
We're offline,Not Dark
 Gemstone softwares ,Not Dark
Graphic Tanks,Not Dark
 V-neck Printed Loose Short-sleeved T-shirt ,Not Dark
 Teething Remedies ,Not Dark
Partnerships,Not Dark
Accord remotes,Not Dark
Something went wrong. Please try again,Not Dark
 Coloured Pencils ,Not Dark
Feeding Nightwear,Not Dark
 Gift Card FAQs ,Not Dark
Ducted Vacuum Cleaners,Not Dark
Work Solid Simple Crew Neck Half Sleeve Top,Not Dark
White Plus Size Clothing,Not Dark
User interface customization persistent cookies are used to store a userâ€™s preference regarding a service. Please note that these cookies are exempt from consent.,Not Dark
"After getting my jersey on Monday, I am hooked on CoolHockey. I will surely be buying from CoolHockey from now on.",Not Dark
Elegant A Line Chiffon V-neck Long Sleeve Bridesmaid Dress with Pleats and Ruching,Not Dark
White Camo Windbreaker - Rock N' Roll,Not Dark
xB Remotes,Not Dark
 Football Boots ,Not Dark
Lifestyle / Music,Not Dark
High Arches,Not Dark
Contract free,Not Dark
How Do I Rinse Off My Overnight Hair Oil Treatment?,Not Dark
Black Jewelry,Not Dark
 Watches & Accessories ,Not Dark
Back by Demand,Not Dark
Functional Cookies,Not Dark
" Born for adventures across land, desert, and ice. Cruise over Tarmac-free roads or adapt it to be your 'do anything' commuter. ",Not Dark
Performance Cookies,Not Dark
I am very pleased with the service I received.,Not Dark
 shop by trend ,Not Dark
Delivery & support,Not Dark
SHOP TRIATHLON,Not Dark
The product you requested is not available in the selected country,Not Dark
Baby Cross Stitch & Embroidery Patterns,Not Dark
HHR remotes,Not Dark
 Accessibility statement ,Not Dark
 Data Processor Privacy Policy: https://triplelift.com/privacy ,Not Dark
" This product can expose you to chemicals including Hexavalent which is known to the State of California to cause cancer on birth defects or other reproductive harm. For more information, visit ",Not Dark
 Brushes ,Not Dark
 Data Processor Privacy Policy: https://casalemedia.com/ ,Not Dark
 We value your privacy We use cookies to improve your website experience. We also use third-party cookies for marketing purposes. Learn more. ,Not Dark
 Unstitched Fabric ,Not Dark
 Polar Lights II ,Not Dark
Shop by Health Goals,Not Dark
Shop Safely And Securely,Not Dark
 powered by: Cookie Information ,Not Dark
Free Shipping & Easy Returns always! ,Not Dark
Combination,Not Dark
GCC Compliance,Not Dark
 Please try again ,Not Dark
How Do Our Crystals Looks in Real Life?,Not Dark
commonpandacom@commonpandacom,Not Dark
You might also like,Not Dark
Shop By Fabric,Not Dark
 View all Ink categories ,Not Dark
 Intercoastal Performance Pant - True Navy ,Not Dark
Bike Parts & Components,Not Dark
Estimated VAT overview,Not Dark
" Your company account is blocked and you cannot place orders. If you have questions, please contact your company administrator. ",Not Dark
Hand & Foot Skin Care,Not Dark
 Best Deals of the Month: April Edition ,Not Dark
Accent Chairs,Not Dark
 Subscribe To Us Subscribe ,Not Dark
 Kyanite Beads ,Not Dark
I have a strong liking to walnut. Even the sapwood can look very presentable when finished good. Thus cutting board is a great item for use and conversation and looks good. ,Not Dark
Holland Cooper,Not Dark
Recovery Best Sellers,Not Dark
U.S. Vape Mail Ban FAQs,Not Dark
ç•°æ¥­åˆä½œ Cooperation,Not Dark
Sale Womens Clothing,Not Dark
Why I chose this:,Not Dark
View Alternatives,Not Dark
"Security is our top priority. Our subscription payments are powered by Stripe and ReCharge, processed in a secure PCI-compliant environment to the highest industry standards. Ketolent staff never know your credit card number.",Not Dark
Watch how its done,Not Dark
 View all Oil & Acrylic Brushes categories ,Not Dark
Get Personalised Health PlanGet Health Plan,Not Dark
[new-troh-pick],Not Dark
"ADHD Friendly Profile: this profile significantly reduces distractions and noise to help people with ADHD, and Neurodevelopmental disorders browse, read, and focus on the essential elements more easily.",Not Dark
Long and Tall,Not Dark
"Sign up for the latest updates, products and offers",Not Dark
"Subscribing means you agree to receive our emails, more details please refer to ourprivacy policy.",Not Dark
 Shop Sale by Print ,Not Dark
The Hoop Destination. Discover more,Not Dark
Tight Bud,Not Dark
selected languageæ—¥æœ¬èªžcurrencyJPY,Not Dark
Great choice!,Not Dark
Not sold separately,Not Dark
Plus Size Ripped Jeans,Not Dark
 Redirecting to Futech Deals for secure checkout... ,Not Dark
Football,Not Dark
 All Men's Brands ,Not Dark
*Freight/Higher Freight charges may apply to some areas. Click here to view Shipping Policy,Not Dark
Long Sleeves Nightwear,Not Dark
 Hairy Chest T-Shirt And Shorts Combo ,Not Dark
Covered all grays,Not Dark
 Menthol Flavors ,Not Dark
Oxfords & Loafers,Not Dark
Reloading & Ammunition,Not Dark
Read More ,Not Dark
 Stone Cold Steve Austin ,Not Dark
Click and Collect T&C,Not Dark
Shirts & Blouses,Not Dark
Different Types of Gold,Not Dark
The best!,Not Dark
 Tracksuit,Not Dark
Long African American Wigs,Not Dark
Almost Famous Jeans,Not Dark
 Tweet Share Pin It Add Email ,Not Dark
 Tights ,Not Dark
Wireless Microphone,Not Dark
Cap Construction,Not Dark
 Need Help Finding The Right Product? ,Not Dark
Body Washes,Not Dark
Brand: NFL Pro Line by Fanatics Branded,Not Dark
Baby Boy Jumpsuits and Rompers,Not Dark
"Like many websites, we share certain information, such as your IP address, device ID or similar online identifier, with certain third parties, such as social networks and advertising networks. This information is used to personalize advertising you see after youâ€™ve visited our website. The California Consumer Privacy Act (â€œCCPAâ€) considers our sharing of that information in this manner to be a â€œsale.â€For more information about the First and Third Party Cookies used please follow this link.",Not Dark
Choose which store you would like to visit,Not Dark
Cracked Nipples,Not Dark
Fave x GrabPay,Not Dark
 Flex Mount ,Not Dark
 Related Categories ,Not Dark
from France,Not Dark
Mom & Baby,Not Dark
Please add products to see your site in action,Not Dark
BSA FAC Air Rifles,Not Dark
style to command,Not Dark
sweatshirts,Not Dark
 Ladies Flower Print Casual Fashion Dress ,Not Dark
Bath Bombs & Salts,Not Dark
Wall art,Not Dark
Bath Decor,Not Dark
Free Shipping,Not Dark
Household,Not Dark
Keep up with crankbrothers,Not Dark
Casual Sheath Chiffon Sequins Straps V-neck Sleeveless Bridesmaid Dress,Not Dark
We use cookies to give you the best experience possible. No personal information is stored. Using this website means that you are ok with this cookie policy.,Not Dark
" Port, Sherry & Sweet Wine ",Not Dark
Engine Cooling System,Not Dark
How/why the homepage uses cookies,Not Dark
 mens long sleeve organic shirt ,Not Dark
These cookies are usually set by our marketing and advertising partners. They may be used by them to build a profile of your interest and later show you relevant ads. If you do not allow these cookies you will not experience targeted ads for your interests.,Not Dark
 EDC-V Megalodon Bottle Opener - Brass (Exclusive),Not Dark
 Motocross Gloves ,Not Dark
 All consumers in the EU are charged VAT on the purchase of goods and services.,Not Dark
 No reviews yet Write a review ,Not Dark
 Continue with Facebook Continue with Google ,Not Dark
 TERMS OF SALE ,Not Dark
Back Yard & Spa,Not Dark
 PopGrip Antimicrobial Refine by Product Type: PopGrip Antimicrobial ,Not Dark
 Customer Support ,Not Dark
New Rifles,Not Dark
Nightforce New Year Clearance,Not Dark
Custom Board Quote,Not Dark
 Charity Collection ,Not Dark
Graphic T-Shirts,Not Dark
 Landofcoder can power almost ANY marketplace you think of,Not Dark
I always order from them! Such good quality for the price you pay! Will always be back!,Not Dark
I have not had my hair so soft and shiny in such a long time and my grey was completely covered! So incredibly happy.,Not Dark
 Excellent service all round ,Not Dark
View all,Not Dark
 éŸ“åœ‹é¦™æ°› Cosmic Mansion ,Not Dark
Nighty For Honeymoon,Not Dark
Shop All Vape Kits,Not Dark
 Shoe Care ,Not Dark
THE SET INCLUDES:,Not Dark
 Short,Not Dark
Womens Plaid Clothing,Not Dark
Embossing Powder,Not Dark
Platinum-Dipped Rose,Not Dark
 A-Z Luxury Brands ,Not Dark
 Fashion Short Sleeve Crew Neck Print Dress ,Not Dark
 Wife ,Not Dark
"By signing up via text, you agree to receive recurring automated promotional and personalized marketing text messages from SPANXÂ®. Msg & data rates apply. View Terms of Use & Privacy Policy.",Not Dark
 Articles: Medical Matters ,Not Dark
All Girls Clothing,Not Dark
Join the Team,Not Dark
Vintage Fancy Red Bracelet Watch Women's,Not Dark
What Are Healing Crystals?,Not Dark
Carpet Python Vivariums,Not Dark
Charleston ,Not Dark
Power Button Covers,Not Dark
Discreet packaging,Not Dark
Mens Footwear,Not Dark
 Upcoming Events ,Not Dark
Beetle Remotes,Not Dark
Free People,Not Dark
Shop All Golf Balls,Not Dark
Sunglasses and Eyewear,Not Dark
 Gut Health ,Not Dark
"Dog Collars, Leads & Tethers",Not Dark
 Naked Wolfe ,Not Dark
 Optimized Patch System ,Not Dark
Product Tagline,Not Dark
Anniversary Gifts ,Not Dark
Healthy Diet,Not Dark
 WWE New Arrivals ,Not Dark
"Alpha BRAINÂ® is a dietary supplement that helps support cognitive functions, including memory, mental speed, and focus.â€ ",Not Dark
 SAA Oil & Acrylic Brushes ,Not Dark
Vacation One Shoulder Loosen Long Sleeve Woven Dress,Not Dark
Lip Balms & Treatments,Not Dark
Other Applications,Not Dark
High Gable Sheds,Not Dark
Wondering where to buy White Cloud products in the U.S.? Our distributor list is growing! Bookmark our list and stay tuned!,Not Dark
 Products ,Not Dark
Dressmakers Mannequins ,Not Dark
 Air Purifying Plants ,Not Dark
All Little Boys Clothing,Not Dark
 Our Story ,Not Dark
History Of The NRA,Not Dark
Start SellingSearchWishlistAccountCartCart,Not Dark
Used Leica Cameras,Not Dark
View All Bearings,Not Dark
American Diamond Earrings,Not Dark
 cm in ,Not Dark
 sales@scandinavianoutdoor.com ,Not Dark
 Searching...,Not Dark
Flat Iron,Not Dark
You can feel confident that your new box each month is helping you celebrate pregnancy and protect your bump!,Not Dark
 View product View SAA Standard Membership Renewal - Credit/Debit Card - One Year Only ,Not Dark
The World Fair Trade Organization Label guarantees that People Tree follows Fair Trade best practices in our organisation.,Not Dark
Packed with Super Citrimax,Not Dark
"Check your orders, in-store quotes & more",Not Dark
Thermostats,Not Dark
"Want more inspiration and styling tips? Dive into The Southern Edit, Southern Tideâ€™s lifestyle blog, and follow us on social media. ",Not Dark
The Wizard of Oz,Not Dark
Prices shown for delivery to JAPAN Change delivery country,Not Dark
Barbour International,Not Dark
M-Class Remotes,Not Dark
Clearance Optic Accessories Deals,Not Dark
Highline Double Wheel Bag,Not Dark
 Soft Toys ,Not Dark
Lease to Own conditions,Not Dark
Elegant A Line Short Sleeve Satin Bateau Floor-length Mother of the Bride Dress with Ribbon,Not Dark
Tidal Waves Collection,Not Dark
Trowels & Putty Knife,Not Dark
Gifts By Price,Not Dark
 PopWallet+ Refine by Product Type: PopWallet+ ,Not Dark
FootwearHome & Office,Not Dark
 family ,Not Dark
Kinky Curly Wigs,Not Dark
Devices ,Not Dark
 Digital Device Covers ,Not Dark
Pleated Skirts,Not Dark
beautifully written prose,Not Dark
Corporate Responsibility Report,Not Dark
 æ‰‹éŒ¶ / Watches ,Not Dark
BROKEN REMOTE? FIX IT YOURSELF AND SAVE HUGE,Not Dark
COMBAT GEARHot,Not Dark
Grey Jewelry,Not Dark
 Select shake flavor: ,Not Dark
Submitted by Fermin Larracilla PÃ©rez,Not Dark
Polycarbonate,Not Dark
Browse by A-Z,Not Dark
 Other Snacks ,Not Dark
Other Promotions,Not Dark
Recommended,Not Dark
Set SALE IntoÂ Summer ,Not Dark
 IZZY MIDI DRESS Ivory ,Not Dark
 Gold Refine by Color: Gold ,Not Dark
View All Homeware,Not Dark
 Explore more styles from this printspiration ,Not Dark
"Sponges, Mitts & Bath Brushes",Not Dark
Crystal Lotus Sriyantras ,Not Dark
Other CollectiblesPhotos,Not Dark
Need a Hand?,Not Dark
lego harry potter,Not Dark
Most of our orders are from repeat customers.,Not Dark
New In Bottoms,Not Dark
 Base Layer & Thermals ,Not Dark
'Keeper of Lost Things',Not Dark
Hair Care Remedies,Not Dark
 Paul Henry ,Not Dark
Cincinnati Bengals T-Shirts,Not Dark
Compare Products ,Not Dark
Sexy A Line Short Sleeve Sequins Off-the-shoulder Floor-length Mother of the Bride Dress with Split Front,Not Dark
"Fancy some creative inspiration, news and offers? Sign up for SAA enewsletters today.",Not Dark
 Sports Bras ,Not Dark
Accessibly App features,Not Dark
Scarves & Snoods,Not Dark
 OH SHIP! Looks like that page wasn't found ,Not Dark
Exotic Bird Food,Not Dark
iPhones,Not Dark
Either because we're updating the site or because someone spilled coffee on it again. We'll be back just as soon as we finish the update or clean up the coffee.,Not Dark
 Summer Simple Breathable Socks ,Not Dark
Value of Product,Not Dark
 Mountboard ,Not Dark
Graduations,Not Dark
 Light powerful. ,Not Dark
Cropped Jeans,Not Dark
Jeanne E. Bray Memorial Scholarship,Not Dark
 Boardshorts,Not Dark
"The site was easy to navigate. I haven't received my shoes yet, but overall a good experience.",Not Dark
Cheaney,Not Dark
 â‰¡ Filter Reviews Clicking on the following button will update the content below ,Not Dark
Arthritis Aids,Not Dark
Camo Shirts & T Shirts,Not Dark
TRE by Natalie Ratabesi,Not Dark
"Sign Up To Our Newsletter To Receive News, Offers And Promotions.",Not Dark
 Sale By Category ,Not Dark
Floral Cross Stitch & Embroidery Kits,Not Dark
Your AccountTrack Your OrdersJoin Celebrations Passport,Not Dark
Dog Whistles & Lanyards,Not Dark
 Terms of Use Privacy Policy Do Not Sell My Personal Information Request My Personal Information ,Not Dark
Colors,Not Dark
Manage Consent Preferences,Not Dark
Select Occasion close,Not Dark
View All New Arrivals,Not Dark
How White Cloud Prevents E-Cig Sales to Minors Read More âžž,Not Dark
Influencer Program,Not Dark
View All Apartment,Not Dark
WilmaNorth Carolina,Not Dark
 TV & Home Appliances ,Not Dark
"Wigsbuy- Online Beauty Store of Fashion Wigs, Hair Extensions & Accessories for Sale.",Not Dark
Quick Navigation,Not Dark
CHF,Not Dark
#NAME?,Not Dark
Ericdress Summer Patchwork Polyester Long Women's Tank Top,Not Dark
 More Sports ,Not Dark
 Bento Lunch Boxes & Food Containers ,Not Dark
 Clinical Studies ,Not Dark
 Accessories Collection ,Not Dark
 Electric Daisy ,Not Dark
 VUSE Alto Menthol Pods ,Not Dark
 Crystal Beads ,Not Dark
Â· Physical Healing,Not Dark
WAX Jeans,Not Dark
 Sold out ,Not Dark
 All Clothing ,Not Dark
Rose Gold Shoes,Not Dark
 Sign in & make your visit all about you ,Not Dark
Taxes and shipping will be estimated at checkout.,Not Dark
Shop all,Not Dark
"Email us ASAP (like seriously) at getflat@flattummyco.com and we will do everything we can to update this for you. As soon as you order, we will send you a confirmation email so please check your details carefully.",Not Dark
Current Offers,Not Dark
Be the first to get updates as well as access to exclusive offers and promotions,Not Dark
 help@postergully.com,Not Dark
Men's Sports Bottoms,Not Dark
 Shop By Shape ,Not Dark
This link will open in a new window,Not Dark
 Low Price Guarantee ,Not Dark
 Out of Stock! ,Not Dark
" Synthetic nicotine | Strawberry, kiwi & pomegranate ",Not Dark
Just BEE Queen,Not Dark
 Track your order by entering your order number and email below or if you would like to create an account or log in (click here) ,Not Dark
Swedish Hasbeens,Not Dark
Unique and personalized products to go as yourself.,Not Dark
 Search Search ,Not Dark
Did you know we have an app? Create shareable art and custom PopSockets designs with our unique image editing tools.,Not Dark
John Boos,Not Dark
 Bar Stools,Not Dark
"Get inspiration, new arrivals and the latest offers to your inbox.",Not Dark
LEGO Sondersets Saison Polybags Promotionals ExklusiveOpens in a new window or tab,Not Dark
Custom Kids Headwear,Not Dark
"N++ is all about using your momentum to complete levels and get high scores, but in this sci-fi world, thereâ€™s a slew of inadvertently homicidal enemy robots trying to prevent you from completing your goal.",Not Dark
Return my item,Not Dark
Baby Size Guide,Not Dark
 Drive and Focus ,Not Dark
 Gameday Collection ,Not Dark
Whoops! ,Not Dark
Memory Cards,Not Dark
Welcome Newcomer,Not Dark
We are not currently accepting orders from outside of the UK.,Not Dark
NRA Whittington Center Store,Not Dark
New Vintage Stylish Belt Watch - Women,Not Dark
 First to know about upcoming tastings & events ,Not Dark
 Why buy from us ,Not Dark
Plus Size Shirts and Blouses,Not Dark
 A Date With Duchess ,Not Dark
Wish Your Loved Ones Instantly with Ferns N Petals International Services,Not Dark
 PopGrip MagSafe Refine by Product Type: PopGrip MagSafe ,Not Dark
What's New By Category,Not Dark
 Active Filters English (United States) English (United States) âœ˜ Remove Filter ,Not Dark
â€º Sub Ohm Juice,Not Dark
B-Series Truck remotes,Not Dark
Red Tops,Not Dark
 JOINT Oil ,Not Dark
Orthopedic,Not Dark
Retro Cordless Edison Bulb Lamp,Not Dark
Speed Lace Accessory Kit - Silver,Not Dark
Americas,Not Dark
Here to help,Not Dark
 Comfy and looks great ,Not Dark
Creators' Council,Not Dark
Kick those cravings,Not Dark
 Brushes + Tools ,Not Dark
Free climate compensated shipping & returns,Not Dark
 Read More ,Not Dark
"Location: Kansas City, MO",Not Dark
"Find your local store, view opening hours and find out where you can get your latest pickup in-store!",Not Dark
Casual Wear,Not Dark
 Resend One time Pin ,Not Dark
Case Material,Not Dark
tedpullin,Not Dark
Custom Women's Apparel,Not Dark
Ask a Question,Not Dark
Discontinued Item,Not Dark
 Don't leave without taking discount ,Not Dark
View your order history,Not Dark
Hydration,Not Dark
about us,Not Dark
 Microsoft Xbox One S Wireless Controller Â» ,Not Dark
Carports & Garages,Not Dark
"After trying several other shades of red, Iâ€™ve tried this one and just love it. It is the perfect shade of brown with beautiful red highlights, very rich color, and very beautiful.",Not Dark
 Ireland EUR,Not Dark
Fashion Forward,Not Dark
Optics and Mounts,Not Dark
Don't Know Pincode?,Not Dark
"NA-KD, White",Not Dark
Game Extraction & Prep,Not Dark
Golf Remotes,Not Dark
Baby Girl Shoes,Not Dark
 Books About Indian Culture ,Not Dark
"For any other inquiries, Click here",Not Dark
Round Boards,Not Dark
 By Doug,Not Dark
Show Cart,Not Dark
Lean To Sheds,Not Dark
 Cordless Phones For Seniors ,Not Dark
 Bra Panty Set ,Not Dark
DressesFootwearHatsHoodies & SweatshirtsJerseysPantsSleepwear & UnderwearSwim CollectionT-ShirtsSale Items- View All -,Not Dark
Trending Players,Not Dark
Please Note: We highly recommend using this upgrade in conjunction with Spherical Rear Sway Bar End Links for maximum performance.,Not Dark
Share Facebook,Not Dark
Share on Twitter,Not Dark
Check items to add to the cart,Not Dark
Click Here!,Not Dark
CONNECT WITH US,Not Dark
FACEBOOK,Not Dark
TWITTER,Not Dark
YOUTUBE,Not Dark
( Login or Register ) Customer Service,Not Dark
Â Trending Searches,Not Dark
175W MH Equal LED Wall Pack Only $66.49,Not Dark
Standard Shaped LEDs only $1.05/ea,Not Dark
Clearance,Not Dark
This product is ineligible for shipping to the following states: CA,Not Dark
Add to Cart,Not Dark
Lighting can be confusing! Expert Help - Call Now,Not Dark
This product is ineligible for shipping to the following states: CA,Not Dark
Sign Up For Deals,Not Dark
Stay Connected,Not Dark
1000Bulbs.com is proud to offer our customers products that have earned the government's ENERGY STAR label.,Not Dark
FREE USA DOMESTIC STANDARD SHIPPING | CA/UK/EU SHIPPING,Not Dark
GET 2 FREE SAMPLES WITH ANY $45 PURCHASE,Not Dark
"Hey, Gorgeous",Not Dark
LOG IN OR REGISTER,Not Dark
BEST SELLERS,Not Dark
or 4 interest-free installments of $15.00Â USD by Â More info,Not Dark
USE IT WITH,Not Dark
MEDIA,Not Dark
Share,Not Dark
Facebook,Not Dark
Twitter,Not Dark
Pinterest,Not Dark
Google,Not Dark
Based on 542 Reviews,Not Dark
5 â˜…,Not Dark
4 â˜…,Not Dark
3 â˜…,Not Dark
2 â˜…,Not Dark
1 â˜…,Not Dark
Write a Review,Not Dark
Ask a Question,Not Dark
Filter Reviews:,Not Dark
Great great product!!!â€™,Not Dark
"It is very hard finding a â€œme timeâ€ when you have a full time job and taking care of family. Having my 100% pure products esp my PM routine makes me feel special at least for a moment. This products does what it says. I have oily skin, i have been using this in the PM for about a week now, it is not tacky or sticky as i have discovered the perfect amount for my skin. My skin feels soft, healthy, plump and brighter. I highly recommend this product and i truly believe this company. I l",Not Dark
Share,Not Dark
Was this review helpful? Â 0Â Â Â Â 0,Not Dark
Absolute keeper!,Not Dark
"OMGoodness! Heaven in a bottle! This goes on like pure silk. That's what my skin feels like after I put it on too. It has literally rejuvenated my 46 year old skin. It has brightened my skin from the inside out! Like a light is shining under my skin to create a soft glow. My pores are smaller, my discoloration is gone, and no breakouts! Fine lines and wrinkles are fading. It goes perfect under my moisturizer. And add makeup on top of that, no problem...it holds up beautifully. Absolute keeper!",Not Dark
Share,Not Dark
Holly H.,Not Dark
Love,Not Dark
I love this product. Just the right amount of moisture.,Not Dark
Share,Not Dark
Raven H.,Not Dark
My favorite serum!,Not Dark
"This serum is a must. I apply it every night after toning and it keeps my face clear, moisturized and vibrant.",Not Dark
Share,Not Dark
Raquel C.,Not Dark
I buy this stuff in bulk.,Not Dark
"This serum is great. When I use it consistently it changes the texture of my skin, making it very smooth and absolutely youthful. I canâ€™t live without it. It smells fantastic too. My skin gets tiny bumps all over it because of natural oil production, but I notice that when I use this serum consistently along with my normal cleansing routine, it really helps with the texture. And itâ€™s natural! Whenever there is a good sale, I buy a lot of these serums. I buy a LOT of their products in general, but this serum has been my favorite since day one. This brand is heaven.",Not Dark
Share,Not Dark
Promise You'll Loveâ„¢ 100% Guarantee. Learn More,Not Dark
Purist Perks,Not Dark
Purist Pro,Not Dark
Refer a Friend,Not Dark
SUBSCRIBE,Not Dark
Instagram,Not Dark
Facebook,Not Dark
Twitter,Not Dark
Pinterest,Not Dark
Youtube,Not Dark
SOLD OUT,Not Dark
EXPERT HELP,Not Dark
EASY RETURNS,Not Dark
Advertisement,Not Dark
Advertisement,Not Dark
Share Your Car Photos,Not Dark
Customer Reviews,Not Dark
"Â© 2019 1010TIRES.COMÂ®, Inc. All rights reserved.Privacy PolicyÂ Â Terms of Service Average rating 4.6 of 9397 reviews.",Not Dark
"GET THE LATEST TRENDS, INSPIRATION AND NEW ARRIVALS - SIGN ME UP FOR EMAILS",Not Dark
Gifts,Not Dark
Offers,Not Dark
Your path to this page. Select a link to go back to a previous page,Not Dark
15Â reviews,Not Dark
This size is available,Not Dark
This size is available,Not Dark
This size is available,Not Dark
This size is available,Not Dark
CUSTOMERS ALSO VIEWED,Not Dark
"This product has received, on average, 5.0 star reviews",Not Dark
"This product has received, on average, 2.7 star reviews",Not Dark
"This product has received, on average, 5.0 star reviews",Not Dark
"This product has received, on average, 4.7368 star reviews",Not Dark
MORE LIKE THIS,Not Dark
CUSTOMERS ALSO BOUGHT,Not Dark
"This product has received, on average, 4.6068 star reviews",Not Dark
"This product has received, on average, 4.4656 star reviews",Not Dark
"This product has received, on average, 4.3994 star reviews",Not Dark
"This product has received, on average, 4.463 star reviews",Not Dark
BE IN THE KNOW,Not Dark
"Get inspiration, new arrivals and the latest offers to your inbox",Not Dark
Sign me up for emails,Not Dark
Never knowingly undersold,Not Dark
Never Knowingly Undersold,Not Dark
The Gift List,Not Dark
Your comments help us improve our website,Not Dark
Leave feedback,Not Dark
Facebook,Not Dark
Twitter,Not Dark
Youtube,Not Dark
Pinterest,Not Dark
Instagram,Not Dark
Cookies on JohnLewis.com,Not Dark
"We use cookies on our websites. You are free to manage this via your browser setting at any time. To learn more about how we use the cookies, please see our cookies policy.",Not Dark
Stock Clearance,Not Dark
Availability:In stock,Not Dark
0 Review(s) | Add Your Review to Win Points,Not Dark
Add to Wishlist,Not Dark
Package included:,Not Dark
Best Seller,Not Dark
Add to Wishlist,Not Dark
Add to Wishlist,Not Dark
Add to Wishlist,Not Dark
Add to Wishlist,Not Dark
Add to Wishlist,Not Dark
Related Products,Not Dark
Add to Wishlist,Not Dark
Add to Wishlist,Not Dark
Add to Wishlist,Not Dark
Add to Wishlist,Not Dark
Estimated Delivery Time,Not Dark
Locations We Ship To,Not Dark
How To Get Points,Not Dark
Store Information,Not Dark
Why Buy From Us,Not Dark
My Wishlist,Not Dark
My Order,Not Dark
Facebook Page,Not Dark
Follow Us,Not Dark
All ads,Not Dark
POST YOUR AD,Not Dark
Only members,Not Dark
"Showing 1-25 of 7,439 ads",Not Dark
Free Delivery,Not Dark
TOP AD,Not Dark
TOP AD,Not Dark
MEMBER,Not Dark
MEMBER,Not Dark
MEMBER,Not Dark
MEMBER,Not Dark
MEMBER,Not Dark
A Grade branded clothes,Not Dark
MEMBER,Not Dark
Download our app,Not Dark
Connect with,Not Dark
Like us on facebook,Not Dark
Sell Fast,Not Dark
Buy Now,Not Dark
Membership,Not Dark
Banner Ads,Not Dark
Promotions,Not Dark
Follow ikman,Not Dark
Blog,Not Dark
Facebook,Not Dark
Twitter,Not Dark
Youtube,Not Dark
FREE SHIPPING ON ORDERS $150+ (U.S. ONLY.),Not Dark
5 star rating,Not Dark
48 Reviews,Not Dark
| Leave a Review,Not Dark
Science Backed Claims,Not Dark
"To be specific, we are proud to disclose the exact forms we use:",Not Dark
SEE PRICING,Not Dark
OTHER POPULAR PRODUCTS,Not Dark
REVIEWS,Not Dark
Other top rated products,Not Dark
4.79576 star rating,Not Dark
4.75356 star rating,Not Dark
4.81425 star rating,Not Dark
4.88381 star rating,Not Dark
4.87958 star rating,Not Dark
4.78397 star rating,Not Dark
4.9 star rating,Not Dark
49 Reviews,Not Dark
23 Questions \ 23 Answers,Not Dark
ASK A QUESTION,Not Dark
WRITE A REVIEW,Not Dark
Reviews (49),Not Dark
Questions (23),Not Dark
Rodney J.,Not Dark
Verified Buyer,Not Dark
5 star rating,Not Dark
I really like the ZMO. I feel better today with it.,Not Dark
Share,Not Dark
 Share Review by Rodney J. on 9 Nov 2019,Not Dark
Was This Review Helpful?,Not Dark
J,Not Dark
Jorge H.,Not Dark
Verified Buyer,Not Dark
5 star rating,Not Dark
Good supplements,Not Dark
Good supplements,Not Dark
Share,Not Dark
 Share Review by Jorge H. on 4 Oct 2019,Not Dark
Was This Review Helpful?,Not Dark
K,Not Dark
Kariim S.,Not Dark
Verified Buyer,Not Dark
5 star rating,Not Dark
09/22/19,Not Dark
Great product.,Not Dark
I love this product it helps me sleep like a baby without feeling groggy in the morning.,Not Dark
Share,Not Dark
 Share Review by Kariim S. on 22 Sep 2019,Not Dark
Was This Review Helpful?,Not Dark
T,Not Dark
Trey E.,Not Dark
Verified Buyer,Not Dark
5 star rating,Not Dark
07/20/19,Not Dark
Great,Not Dark
"These supplements have actually worked for me since Iâ€™ve started using them now for about 3 weeks to a month consistently. Tried quite a bit of supplements before hand that just never did the trick for my preworkouts (pump, energy, focus) or my recovery. (Sleep, mood, reduced soreness and the drive to want to get at it again the next day in the gy...Read More",Not Dark
Read more about,Not Dark
Share,Not Dark
 Share Review by Trey E. on 20 Jul 2019,Not Dark
Was This Review Helpful?,Not Dark
J,Not Dark
James A.,Not Dark
Verified Buyer,Not Dark
5 star rating,Not Dark
07/16/19,Not Dark
Great product,Not Dark
excellent product. aids in a solid night sleep. definitely helps with energy levels. will purchase again,Not Dark
Share,Not Dark
 Share Review by James A. on 16 Jul 2019,Not Dark
Was This Review Helpful?,Not Dark
SIGN UP FOR OUR NEWSLETTER,Not Dark
"Sign up to get the latest on sales, new releases and more â€¦",Not Dark
SOCIAL,Not Dark
HERE TO STAY: FREE SHIPPING ON ORDERS OVER 100 USD,Not Dark
0.0 star rating,Not Dark
Write a review,Not Dark
"*PRICES INCL. VAT, SHIPPING COSTS APPLY *PRICES EXCL. VAT, SHIPPING COSTS APPLY",Not Dark
REVIEWS,Not Dark
Read more,Not Dark
SIMILAR PRODUCTS,Not Dark
"*PRICES INCL. VAT, SHIPPING COSTS APPLY",Not Dark
"*PRICES EXCL. VAT, SHIPPING COSTS APPLY",Not Dark
EXPLORE ZOEVA,Not Dark
NEW & EXCLUSIVE,Not Dark
BESTSELLERS,Not Dark
See all our fan favorite must-haves,Not Dark
"We use cookies and other tracking tools on this site. These serve to improve as well as personalize our offering, among other things. By making use of our services (clicking/scrolling), you consent to the tracking of your data. This consent can be withdrawn voluntarily and freely. You can change your cookie settings and prevent the tracking in its entirety or in part at any time. How this is done is explained in our Cookie Policy. Further information can also be found in our Privacy Policy.",Not Dark
Enter your delivery Locality,Not Dark
or Pincode to start shopping,Not Dark
Type your area name / pincode,Not Dark
Locate me,Not Dark
"Note: Selection of service locality/pincode is required to place an order. Our Default locality is Balanagar, Hyderabad.",Not Dark
Save 40%,Not Dark
Inclusive of all Taxes,Not Dark
Standard Delivery - Free,Not Dark
Available In 24 Hrs,Not Dark
Also available at the following stores near you,Not Dark
Add to Cart,Not Dark
Genuine Products|Secure Payments,Not Dark
Applicable Offers,Not Dark
Get Upto 350 Cashback | Min order value Rs 1000 | Tiered Campaign T & C,Not Dark
Use code KWIK20 | Get 20% Supercash | Max upto Rs 150 T & C,Not Dark
Save 12%,Not Dark
Save upto 5%,Not Dark
Save 12%,Not Dark
Save upto 5%,Not Dark
Save upto 5%,Not Dark
Save upto 5%,Not Dark
Save upto 5%,Not Dark
Save upto 5%,Not Dark
Save upto 5%,Not Dark
Save upto 5%,Not Dark
Subscribe Now,Not Dark
About Us FAQs Locate A MedPlus Store Track Orders Browse All Brands Customer Feedback Contact Us,Not Dark
Follow us,Not Dark
MedPlus: One of the most trusted gateways to medicines and general provision,Not Dark
6 Reasons for you to Shop from MedPlus:,Not Dark
Authentic medicines: Be 100% assured of receiving genuine medicines,Not Dark
Pre Black Friday Sale! Save 18%Â || Coupon code: EARLYBF,Not Dark
(You save $20.00 ),Not Dark
(82 reviews) Write a Review,Not Dark
In Stock & Ready to Ship,Not Dark
Nearly all our products have these certifications! Compare our Quality!,Not Dark
What Other Customers Are Saying,Not Dark
5,Not Dark
great,Not Dark
"works well, fastest shipping, dependable supplier, ordered many times before. Will order again",Not Dark
4,Not Dark
Best Cartridge for the money EASY,Not Dark
Posted by BOTY (Boss Of The Year) on Mar 5th 2019,Not Dark
"We now have 6 Brother printers that run on these cartridges which we use for office printing, job tickets, memos etc.. These cartridges will not win any awards for the greatest print coverage, but they will save you a ton of money. We can buy a 5pack here for the price of 1 cartridge from a big-box store and free shipping always helps..",Not Dark
"So if you're planning on using these to print beautiful charcoal drawings, these may not be for you, but for normal printing these are great..",Not Dark
5,Not Dark
I WILL ALWAYS BUY THIS PRODUCT THRU SO.com,Not Dark
Posted by Rose on Feb 22nd 2019,Not Dark
"I own a Tax business and were ALWAYS in need of toner, and SuppliesOutlet is the BEST company by far that we have ever dealt with!",Not Dark
5,Not Dark
Arrived as ordered and as promised.,Not Dark
Posted by mike_at_GLY on Feb 15th 2019,Not Dark
Easy to work with. I'll be back. Thank you.,Not Dark
5,Not Dark
Very Happy,Not Dark
Posted by EL on Aug 15th 2018,Not Dark
I've been ordering these for years. Really helps keep our copying costs down.,Not Dark
5,Not Dark
Quality for a fraction of the normal cost,Not Dark
Posted by Aaron on Aug 14th 2018,Not Dark
I can buy about 5 high capacity printer cartridges or 1 locally for about the same price. Do a little planning and save big!,Not Dark
5,Not Dark
"Good product, great buy!",Not Dark
Posted by skeptic on Jul 30th 2018,Not Dark
"See no difference from Brother's product, except in price",Not Dark
5,Not Dark
greta product,Not Dark
Posted by Jimmy V. on Mar 19th 2018,Not Dark
"I got the toner and right on time, works great thanks!!",Not Dark
5,Not Dark
Fast shipping,Not Dark
Posted by Cindy on Mar 19th 2018,Not Dark
The shipping time was great and the product is always good. I have going to begin purchasing the Jumbo style of this toner as it is double the amount of copies and only $3.00 more in price. Wish I would have noticed sooner.,Not Dark
Next,Not Dark
RELATED ITEMS,Not Dark
CUSTOMERS ALSO VIEWED,Not Dark
Subscribe for Savings,Not Dark
Get the latest updates on new products and upcoming sales,Not Dark
SHOP NOW,Not Dark
Sorry this product is currently out of stock. Enter your email and weâ€™ll let you knowÂ whenÂ itâ€™sÂ back.,Not Dark
FOLLOW US,Not Dark
Facebook,Not Dark
Twitter,Not Dark
YouTube,Not Dark
"Win $5,000 For Your Mustang! Enter Daily",Not Dark
Customer pics (6),Not Dark
5 Reviews 2 Answers,Not Dark
Market Price $328.90,Not Dark
You Save 54% ($178.91),Not Dark
On Sale,Not Dark
or as low as $14/mo with Affirm,Not Dark
see how much you prequalify for,Not Dark
YES: Free Mount and Balance,Not Dark
99-04 Mustang Owners Who Viewed This Item Also Viewed,Not Dark
Customer Photos (6) Customer Reviews (5) Questions (2) & Answers (2),Not Dark
People Who Viewed This Item Ultimately Bought,Not Dark
Customer Photos (6),Not Dark
Questions & Answers (2),Not Dark
2 Top Rated Questions,Not Dark
Can you install 18x10.5 on the front ?,Not Dark
"We would say no, some people may try this with spacers, but it is too large for the front, and spacers would put undue stress on the front axle. In addition, you would likely experience rubbing.",Not Dark
Helpful (0),Not Dark
will these fit a 06 gt? i dont want the 20s :/,Not Dark
These will work on the 06 models yes.,Not Dark
Helpful (0),Not Dark
Not finding an answer? Ask your question!,Not Dark
Post Your Question,Not Dark
99-04 Mustang Owners Who Viewed This Item Also Viewed,Not Dark
Customer Reviews (5),Not Dark
WRITE A REVIEW,Not Dark
Overall Rating,Not Dark
4.8,Not Dark
out of 5 stars,Not Dark
5,Not Dark
5,Not Dark
5,Not Dark
5,Not Dark
5,Not Dark
5,Not Dark
4.6,Not Dark
4.6,Not Dark
Search Reviews,Not Dark
Most Helpful,Not Dark
Highest Rated,Not Dark
Lowest Rated,Not Dark
All Ratings,Not Dark
5 Stars,Not Dark
4 Stars,Not Dark
05-May,Not Dark
Review from Rovos Cape Town Satin Silver Wheel - 18x10.5 - Rear Only (94-98 All),Not Dark
Sexy wheel,Not Dark
"i love the fact that it has a 3 inch lip with the concave design contrast. absolutely a great rear wheel paired with the fronts obviously, i am running 5/16 rear spacers to give a little more aggressive look but thatâ€™s just me!",Not Dark
taylort,Not Dark
Helpful (0),Not Dark
5,Not Dark
5,Not Dark
5,Not Dark
5,Not Dark
5,Not Dark
5,Not Dark
5,Not Dark
5,Not Dark
05-May,Not Dark
Review from Rovos Cape Town Satin Silver Wheel - 18x10.5 - Rear Only (94-98 All),Not Dark
Nice Wheel,Not Dark
"My wife purchased the Cape Towns for me for Christmas, after I finally got my suspension work done they were finally installed. I love the look and the ride quality is excellent. The only issue was one of the center caps on the staggered set was polished instead of silver but American Muscle took care of that in no time. If you order these without tires, make sure you let your tire installer know that the stainless steel lip is very soft, both my 18X10.5 rear wheels were damaged with dents by the installer during tire installation. Overall I love them.",Not Dark
NevilleC,Not Dark
Helpful (7),Not Dark
5,Not Dark
5,Not Dark
5,Not Dark
5,Not Dark
5,Not Dark
5,Not Dark
5,Not Dark
5,Not Dark
05-May,Not Dark
Review from Rovos Cape Town Satin Silver Wheel - 18x10.5 - Rear Only (94-98 All),Not Dark
Nice!!!,Not Dark
I'm loving the rims and was worried about the offset but they lined up well.........look great!,Not Dark
Joe,Not Dark
Helpful (7),Not Dark
5,Not Dark
5,Not Dark
5,Not Dark
5,Not Dark
5,Not Dark
5,Not Dark
5,Not Dark
04-May,Not Dark
Review from Rovos Cape Town Satin Silver Wheel - 18x10.5 - Rear Only (94-98 All),Not Dark
Great quality wheels great finish,Not Dark
defiantly look way more expensive then they are great looking wheels,Not Dark
WillyC,Not Dark
Helpful (8),Not Dark
5,Not Dark
5,Not Dark
5,Not Dark
5,Not Dark
5,Not Dark
5,Not Dark
4,Not Dark
4,Not Dark
05-May,Not Dark
Review from Rovos Cape Town Satin Silver Wheel - 18x10.5 - Rear Only (94-98 All),Not Dark
Great!,Not Dark
"These rims are awesome. Makes my car stand out against the rest in town, must get these!",Not Dark
Helpful (8),Not Dark
5,Not Dark
5,Not Dark
5,Not Dark
5,Not Dark
5,Not Dark
5,Not Dark
4,Not Dark
4,Not Dark
Word on The Street,Not Dark
"Fast & easy, great photos of item as well as great description of what to expect from the seller!",Not Dark
"Dave, Gray Metallic '16 GT",Not Dark
"After owning several other Mustangs including 99 Cobra and a bunch of Fox bodyâ€™s I finally decided it was time for a new car. One that would be reliable, fast, and be able to cruise with the AC on in the summer. Â When the S550 platform came out I knew I had to have one.",Not Dark
Awards,Not Dark
ENTER YOUR EMAIL FOR DEALS & OFFERS,Not Dark
Sign In,Not Dark
FREE STANDARD SHIPPING ON ALL ORDERS OVER $69,Not Dark
Sign In,Not Dark
No ratings yet. Be the first!,Not Dark
Rate It,Not Dark
By E L James,Not Dark
"Expect more of the steamy eroticism and BDSM sex play that hooked readers on the first book of the wildly popular Fifty Shades series by E.L. James. In the second installment, the naÃ¯ve Ana winds up back in the arms of...",Not Dark
In Stock Now!,Not Dark
Add To Cart,Not Dark
Wishlist,Not Dark
Review,Not Dark
"Expect more of the steamy eroticism and BDSM sex play that hooked readers on the first book of the wildly popular Fifty Shades series by E.L. James. In the second installment, the naÃ¯ve Ana winds up back in the arms of wealthy older businessman Christian, and their bedroom antics continue to inflame women's fantasies and their sex lives: droves of women are coming into the stores looking for the toys inspired by the novels, so much so that we've put together a special kit called Fifty Shades of Grey Indulge Your Fantasies Kit for you to play with as you work your way through the trilogy.",Not Dark
Reviews & Ratings,Not Dark
No ratings yet. Be the first!,Not Dark
Rate and Review It,Not Dark
COMMUNITY,Not Dark
STAY CONNECTED,Not Dark
Join Our List Get,Not Dark
$5 Off Your Next Order,Not Dark
In order to give you a better service we use cookies. By continuing to browse the site you are agreeing to our use of cookies. I Agree,Not Dark
A great little set that's absolutely perfect for the newbies to the pleasures of bondage,Not Dark
FREE STANDARD SHIPPING ON ORDERS $50+.,Not Dark
24 Hour Dispatch.,Not Dark
SUPER SALE: SAVE UP TO 85% ON EVERYTHING,Not Dark
Add to comparison,Not Dark
70% OFF,Not Dark
80 POINTS,Not Dark
What makes it awesome,Not Dark
A closer look,Not Dark
Size: One size fits most,Not Dark
This set works well for the couple out to have a 50 Shades type experience.,Not Dark
5,Not Dark
Starlight Requiem's review,Not Dark
"Great for beginners, good value for the money, well made",Not Dark
5,Not Dark
freud13's review,Not Dark
Sturdy design Comfortable fit for most sizes Soft and luxurious feel Beginner-friendly,Not Dark
5,Not Dark
sXeVegan90's review,Not Dark
Great for beginners Very lightweight Multiple types of play,Not Dark
4,Not Dark
Ms. Paprika's review,Not Dark
Amazing promotions,Not Dark
Soft touch set,Not Dark
You save:,Not Dark
Sale price is not valid in the kit,Not Dark
TOP,Not Dark
My VOD Dashboard | Sign In,Not Dark
Try Unlimited,Not Dark
Free Shipping Over $25.Â Â  Â Â Millions of Satisfied Customers,Not Dark
On Demand,Not Dark
Unlimited,Not Dark
What's Trending?,Not Dark
FREE,Not Dark
CREDITS,Not Dark
Exclusive Offers! Special Discounts!,Not Dark
Sign up for our newsletter today!,Not Dark
I am 18 or over and consent to receive sexually explicit material.,Not Dark
Sign Up,Not Dark
Customer Testimonials,Not Dark
Make A Suggestion,Not Dark
BEST SELLERS,Not Dark
FREE DISCREET SHIPPING ON ORDERS $69+,Not Dark
BEST SELLERS,Not Dark
No ratings yet. Be the first!,Not Dark
Rate It,Not Dark
In Stock Now!,Not Dark
Buy Now,Not Dark
Buy Now,Not Dark
Reviews & Ratings,Not Dark
No ratings yet. Be the first!,Not Dark
Rate and Review It,Not Dark
Order Lookup,Not Dark
COMMUNITY,Not Dark
$5 Off Your Next Order,Not Dark
